<?xml version="1.0" encoding="UTF-8"?>
<export version="D">
  <design>
    <source>C:/Users/Mich/repos/modular-synth/modules/adsr-envelope-generator/kicad/adsr-envelope-generator.sch</source>
    <date>25/06/2017 21:59:51</date>
    <tool>Eeschema 4.0.4-stable</tool>
    <sheet number="1" name="/" tstamps="/">
      <title_block>
        <title>ADSR Envelope Generator</title>
        <company>Michael Duerincx</company>
        <rev>2</rev>
        <date>2017-04-01</date>
        <source>adsr-envelope-generator.sch</source>
        <comment number="1" value=""/>
        <comment number="2" value="A switch selects between 3 possible time ranges."/>
        <comment number="3" value="This version adds LED cycle stage indication, auto-retrigger, and trigger out."/>
        <comment number="4" value="Original by Ray Wilson"/>
      </title_block>
    </sheet>
  </design>
  <components>
    <comp ref="R9">
      <value>10K</value>
      <footprint>Resistors_SMD:R_0805</footprint>
      <libsource lib="device" part="R"/>
      <sheetpath names="/" tstamps="/"/>
      <tstamp>58DC0BCE</tstamp>
    </comp>
    <comp ref="R5">
      <value>1K</value>
      <footprint>Resistors_SMD:R_0805</footprint>
      <libsource lib="device" part="R"/>
      <sheetpath names="/" tstamps="/"/>
      <tstamp>58DC0E01</tstamp>
    </comp>
    <comp ref="C2">
      <value>100n</value>
      <footprint>Capacitors_SMD:C_0805</footprint>
      <libsource lib="device" part="C"/>
      <sheetpath names="/" tstamps="/"/>
      <tstamp>58DC0F20</tstamp>
    </comp>
    <comp ref="R10">
      <value>10K</value>
      <footprint>Resistors_SMD:R_0805</footprint>
      <libsource lib="device" part="R"/>
      <sheetpath names="/" tstamps="/"/>
      <tstamp>58DC21D2</tstamp>
    </comp>
    <comp ref="R8">
      <value>1K</value>
      <footprint>Resistors_SMD:R_0805</footprint>
      <libsource lib="device" part="R"/>
      <sheetpath names="/" tstamps="/"/>
      <tstamp>58DC21D8</tstamp>
    </comp>
    <comp ref="C3">
      <value>100n</value>
      <footprint>Capacitors_SMD:C_0805</footprint>
      <libsource lib="device" part="C"/>
      <sheetpath names="/" tstamps="/"/>
      <tstamp>58DC21E2</tstamp>
    </comp>
    <comp ref="U3">
      <value>40106</value>
      <footprint>SMD_Packages:SOIC-14_N</footprint>
      <libsource lib="cmos4000" part="40106"/>
      <sheetpath names="/" tstamps="/"/>
      <tstamp>58DC24AA</tstamp>
    </comp>
    <comp ref="U2">
      <value>TL974</value>
      <footprint>SMD_Packages:SOIC-14_N</footprint>
      <libsource lib="linear" part="TL074"/>
      <sheetpath names="/" tstamps="/"/>
      <tstamp>58DC3242</tstamp>
    </comp>
    <comp ref="R12">
      <value>1M</value>
      <footprint>Resistors_SMD:R_0805</footprint>
      <libsource lib="device" part="R"/>
      <sheetpath names="/" tstamps="/"/>
      <tstamp>58DC337E</tstamp>
    </comp>
    <comp ref="C4">
      <value>100p</value>
      <footprint>Capacitors_SMD:C_0805</footprint>
      <libsource lib="device" part="C"/>
      <sheetpath names="/" tstamps="/"/>
      <tstamp>58DC3E3A</tstamp>
    </comp>
    <comp ref="R13">
      <value>1M</value>
      <footprint>Resistors_SMD:R_0805</footprint>
      <libsource lib="device" part="R"/>
      <sheetpath names="/" tstamps="/"/>
      <tstamp>58DC54C8</tstamp>
    </comp>
    <comp ref="C5">
      <value>100p</value>
      <footprint>Capacitors_SMD:C_0805</footprint>
      <libsource lib="device" part="C"/>
      <sheetpath names="/" tstamps="/"/>
      <tstamp>58DC57CF</tstamp>
    </comp>
    <comp ref="R11">
      <value>22K</value>
      <footprint>Resistors_SMD:R_0805</footprint>
      <libsource lib="device" part="R"/>
      <sheetpath names="/" tstamps="/"/>
      <tstamp>58DC6CC3</tstamp>
    </comp>
    <comp ref="R4">
      <value>33K</value>
      <footprint>Resistors_SMD:R_0805</footprint>
      <libsource lib="device" part="R"/>
      <sheetpath names="/" tstamps="/"/>
      <tstamp>58DC7234</tstamp>
    </comp>
    <comp ref="C1">
      <value>100n</value>
      <footprint>Capacitors_SMD:C_0805</footprint>
      <libsource lib="device" part="C"/>
      <sheetpath names="/" tstamps="/"/>
      <tstamp>58DC7417</tstamp>
    </comp>
    <comp ref="R7">
      <value>22K</value>
      <footprint>Resistors_SMD:R_0805</footprint>
      <libsource lib="device" part="R"/>
      <sheetpath names="/" tstamps="/"/>
      <tstamp>58DC8D2F</tstamp>
    </comp>
    <comp ref="R6">
      <value>22K</value>
      <footprint>Resistors_SMD:R_0805</footprint>
      <libsource lib="device" part="R"/>
      <sheetpath names="/" tstamps="/"/>
      <tstamp>58DC95EC</tstamp>
    </comp>
    <comp ref="R2">
      <value>10K</value>
      <footprint>Resistors_SMD:R_0805</footprint>
      <libsource lib="device" part="R"/>
      <sheetpath names="/" tstamps="/"/>
      <tstamp>58DCABF5</tstamp>
    </comp>
    <comp ref="R3">
      <value>10K</value>
      <footprint>Resistors_SMD:R_0805</footprint>
      <libsource lib="device" part="R"/>
      <sheetpath names="/" tstamps="/"/>
      <tstamp>58DCB08F</tstamp>
    </comp>
    <comp ref="D1">
      <value>1N4148</value>
      <footprint>Diodes_SMD:SOD-323</footprint>
      <libsource lib="device" part="D"/>
      <sheetpath names="/" tstamps="/"/>
      <tstamp>58DD594E</tstamp>
    </comp>
    <comp ref="D2">
      <value>1N4148</value>
      <footprint>Diodes_SMD:SOD-323</footprint>
      <libsource lib="device" part="D"/>
      <sheetpath names="/" tstamps="/"/>
      <tstamp>58DD5A09</tstamp>
    </comp>
    <comp ref="D3">
      <value>1N4148</value>
      <footprint>Diodes_SMD:SOD-323</footprint>
      <libsource lib="device" part="D"/>
      <sheetpath names="/" tstamps="/"/>
      <tstamp>58DD673C</tstamp>
    </comp>
    <comp ref="D4">
      <value>1N4148</value>
      <footprint>Diodes_SMD:SOD-323</footprint>
      <libsource lib="device" part="D"/>
      <sheetpath names="/" tstamps="/"/>
      <tstamp>58DD6CE9</tstamp>
    </comp>
    <comp ref="R15">
      <value>10K</value>
      <footprint>Resistors_SMD:R_0805</footprint>
      <libsource lib="device" part="R"/>
      <sheetpath names="/" tstamps="/"/>
      <tstamp>58DDC397</tstamp>
    </comp>
    <comp ref="R16">
      <value>10K</value>
      <footprint>Resistors_SMD:R_0805</footprint>
      <libsource lib="device" part="R"/>
      <sheetpath names="/" tstamps="/"/>
      <tstamp>58DDC44C</tstamp>
    </comp>
    <comp ref="C7">
      <value>10n</value>
      <footprint>Capacitors_SMD:C_0805</footprint>
      <libsource lib="device" part="C"/>
      <sheetpath names="/" tstamps="/"/>
      <tstamp>58DDEDEA</tstamp>
    </comp>
    <comp ref="C8">
      <value>10n</value>
      <footprint>Capacitors_SMD:C_0805</footprint>
      <libsource lib="device" part="C"/>
      <sheetpath names="/" tstamps="/"/>
      <tstamp>58DDF0DE</tstamp>
    </comp>
    <comp ref="R17">
      <value>100K</value>
      <footprint>Resistors_SMD:R_0805</footprint>
      <libsource lib="device" part="R"/>
      <sheetpath names="/" tstamps="/"/>
      <tstamp>58DE2146</tstamp>
    </comp>
    <comp ref="U4">
      <value>4001</value>
      <footprint>SMD_Packages:SOIC-14_N</footprint>
      <libsource lib="cmos4000" part="4001"/>
      <sheetpath names="/" tstamps="/"/>
      <tstamp>58DE4460</tstamp>
    </comp>
    <comp ref="D5">
      <value>1N4148</value>
      <footprint>Diodes_SMD:SOD-323</footprint>
      <libsource lib="device" part="D"/>
      <sheetpath names="/" tstamps="/"/>
      <tstamp>58DEDF30</tstamp>
    </comp>
    <comp ref="R18">
      <value>10K</value>
      <footprint>Resistors_SMD:R_0805</footprint>
      <libsource lib="device" part="R"/>
      <sheetpath names="/" tstamps="/"/>
      <tstamp>58DF7D85</tstamp>
    </comp>
    <comp ref="C11">
      <value>1n</value>
      <footprint>Capacitors_SMD:C_0805</footprint>
      <libsource lib="device" part="C"/>
      <sheetpath names="/" tstamps="/"/>
      <tstamp>58DF7E6B</tstamp>
    </comp>
    <comp ref="R19">
      <value>100K</value>
      <footprint>Resistors_SMD:R_0805</footprint>
      <libsource lib="device" part="R"/>
      <sheetpath names="/" tstamps="/"/>
      <tstamp>58DF7F22</tstamp>
    </comp>
    <comp ref="D6">
      <value>1N4148</value>
      <footprint>Diodes_SMD:SOD-323</footprint>
      <libsource lib="device" part="D"/>
      <sheetpath names="/" tstamps="/"/>
      <tstamp>58DF854D</tstamp>
    </comp>
    <comp ref="U5">
      <value>TL974</value>
      <footprint>SMD_Packages:SOIC-14_N</footprint>
      <libsource lib="linear" part="TL074"/>
      <sheetpath names="/" tstamps="/"/>
      <tstamp>58DCC918</tstamp>
    </comp>
    <comp ref="R21">
      <value>10K</value>
      <footprint>Resistors_SMD:R_0805</footprint>
      <libsource lib="device" part="R"/>
      <sheetpath names="/" tstamps="/"/>
      <tstamp>58DCCE09</tstamp>
    </comp>
    <comp ref="R22">
      <value>33K</value>
      <footprint>Resistors_SMD:R_0805</footprint>
      <libsource lib="device" part="R"/>
      <sheetpath names="/" tstamps="/"/>
      <tstamp>58DCCED1</tstamp>
    </comp>
    <comp ref="C14">
      <value>100n</value>
      <footprint>Capacitors_SMD:C_0805</footprint>
      <libsource lib="device" part="C"/>
      <sheetpath names="/" tstamps="/"/>
      <tstamp>58DCD4C2</tstamp>
    </comp>
    <comp ref="R20">
      <value>1M</value>
      <footprint>Resistors_SMD:R_0805</footprint>
      <libsource lib="device" part="R"/>
      <sheetpath names="/" tstamps="/"/>
      <tstamp>58DD2539</tstamp>
    </comp>
    <comp ref="RV4">
      <value>100K</value>
      <footprint>Bourns PTL:Bourns-PTL30-X</footprint>
      <libsource lib="led-pot" part="LED-POT"/>
      <sheetpath names="/" tstamps="/"/>
      <tstamp>58DE196B</tstamp>
    </comp>
    <comp ref="U1">
      <value>4066</value>
      <footprint>SMD_Packages:SOIC-14_N</footprint>
      <libsource lib="cmos4000" part="4066"/>
      <sheetpath names="/" tstamps="/"/>
      <tstamp>58E06864</tstamp>
    </comp>
    <comp ref="RV3">
      <value>100K</value>
      <footprint>Bourns PTL:Bourns-PTL30-X</footprint>
      <libsource lib="led-pot" part="LED-POT"/>
      <sheetpath names="/" tstamps="/"/>
      <tstamp>58E0D1F6</tstamp>
    </comp>
    <comp ref="RV1">
      <value>100K</value>
      <footprint>Bourns PTL:Bourns-PTL30-X</footprint>
      <libsource lib="led-pot" part="LED-POT"/>
      <sheetpath names="/" tstamps="/"/>
      <tstamp>58E10668</tstamp>
    </comp>
    <comp ref="RV2">
      <value>100K</value>
      <footprint>Bourns PTL:Bourns-PTL30-X</footprint>
      <libsource lib="led-pot" part="LED-POT"/>
      <sheetpath names="/" tstamps="/"/>
      <tstamp>58E16C0D</tstamp>
    </comp>
    <comp ref="R1">
      <value>100R</value>
      <footprint>Resistors_SMD:R_0805</footprint>
      <libsource lib="device" part="R"/>
      <sheetpath names="/" tstamps="/"/>
      <tstamp>58E17F25</tstamp>
    </comp>
    <comp ref="R14">
      <value>100R</value>
      <footprint>Resistors_SMD:R_0805</footprint>
      <libsource lib="device" part="R"/>
      <sheetpath names="/" tstamps="/"/>
      <tstamp>58E1FF84</tstamp>
    </comp>
    <comp ref="C6">
      <value>3.3u</value>
      <footprint>Capacitors_ThroughHole:CP_Radial_D4.0mm_P1.50mm</footprint>
      <libsource lib="device" part="CP1"/>
      <sheetpath names="/" tstamps="/"/>
      <tstamp>58E3F1BD</tstamp>
    </comp>
    <comp ref="C9">
      <value>100u</value>
      <footprint>Capacitors_ThroughHole:CP_Radial_D5.0mm_P2.00mm</footprint>
      <libsource lib="device" part="CP1"/>
      <sheetpath names="/" tstamps="/"/>
      <tstamp>58E3FFE3</tstamp>
    </comp>
    <comp ref="P3">
      <value>CONN_01X03</value>
      <footprint>Pin_Headers:Pin_Header_Straight_1x03_Pitch2.54mm</footprint>
      <libsource lib="conn" part="CONN_01X03"/>
      <sheetpath names="/" tstamps="/"/>
      <tstamp>58E47747</tstamp>
    </comp>
    <comp ref="C10">
      <value>47u</value>
      <footprint>Capacitors_ThroughHole:CP_Radial_D5.0mm_P2.00mm</footprint>
      <libsource lib="device" part="CP1"/>
      <sheetpath names="/" tstamps="/"/>
      <tstamp>58E47E62</tstamp>
    </comp>
    <comp ref="R23">
      <value>100K</value>
      <footprint>Resistors_SMD:R_0805</footprint>
      <libsource lib="device" part="R"/>
      <sheetpath names="/" tstamps="/"/>
      <tstamp>58E58C96</tstamp>
    </comp>
    <comp ref="RV5">
      <value>10K</value>
      <footprint>Potentiometers:Potentiometer_Triwood_RM-065</footprint>
      <libsource lib="device" part="POT"/>
      <sheetpath names="/" tstamps="/"/>
      <tstamp>58E59258</tstamp>
    </comp>
    <comp ref="R24">
      <value>1M</value>
      <footprint>Resistors_SMD:R_0805</footprint>
      <libsource lib="device" part="R"/>
      <sheetpath names="/" tstamps="/"/>
      <tstamp>58E5D2AE</tstamp>
    </comp>
    <comp ref="Q2">
      <value>MMBT3904</value>
      <footprint>TO_SOT_Packages_SMD:SOT-23</footprint>
      <libsource lib="transistors" part="MMBT3904"/>
      <sheetpath names="/" tstamps="/"/>
      <tstamp>58E5F790</tstamp>
    </comp>
    <comp ref="R31">
      <value>220R</value>
      <footprint>Resistors_SMD:R_0805</footprint>
      <libsource lib="device" part="R"/>
      <sheetpath names="/" tstamps="/"/>
      <tstamp>58E62FBE</tstamp>
    </comp>
    <comp ref="Q3">
      <value>MMBT3904</value>
      <footprint>TO_SOT_Packages_SMD:SOT-23</footprint>
      <libsource lib="transistors" part="MMBT3904"/>
      <sheetpath names="/" tstamps="/"/>
      <tstamp>58E677EF</tstamp>
    </comp>
    <comp ref="R32">
      <value>220R</value>
      <footprint>Resistors_SMD:R_0805</footprint>
      <libsource lib="device" part="R"/>
      <sheetpath names="/" tstamps="/"/>
      <tstamp>58E677FC</tstamp>
    </comp>
    <comp ref="Q4">
      <value>MMBT3904</value>
      <footprint>TO_SOT_Packages_SMD:SOT-23</footprint>
      <libsource lib="transistors" part="MMBT3904"/>
      <sheetpath names="/" tstamps="/"/>
      <tstamp>58E6B9B9</tstamp>
    </comp>
    <comp ref="R33">
      <value>220R</value>
      <footprint>Resistors_SMD:R_0805</footprint>
      <libsource lib="device" part="R"/>
      <sheetpath names="/" tstamps="/"/>
      <tstamp>58E6B9C6</tstamp>
    </comp>
    <comp ref="Q5">
      <value>MMBT3904</value>
      <footprint>TO_SOT_Packages_SMD:SOT-23</footprint>
      <libsource lib="transistors" part="MMBT3904"/>
      <sheetpath names="/" tstamps="/"/>
      <tstamp>58E6EEB4</tstamp>
    </comp>
    <comp ref="R34">
      <value>220R</value>
      <footprint>Resistors_SMD:R_0805</footprint>
      <libsource lib="device" part="R"/>
      <sheetpath names="/" tstamps="/"/>
      <tstamp>58E6EEC1</tstamp>
    </comp>
    <comp ref="R27">
      <value>10K</value>
      <footprint>Resistors_SMD:R_0805</footprint>
      <libsource lib="device" part="R"/>
      <sheetpath names="/" tstamps="/"/>
      <tstamp>58E713B6</tstamp>
    </comp>
    <comp ref="R28">
      <value>10K</value>
      <footprint>Resistors_SMD:R_0805</footprint>
      <libsource lib="device" part="R"/>
      <sheetpath names="/" tstamps="/"/>
      <tstamp>58E72161</tstamp>
    </comp>
    <comp ref="R29">
      <value>10K</value>
      <footprint>Resistors_SMD:R_0805</footprint>
      <libsource lib="device" part="R"/>
      <sheetpath names="/" tstamps="/"/>
      <tstamp>58E7354B</tstamp>
    </comp>
    <comp ref="D8">
      <value>1N4148</value>
      <footprint>Diodes_SMD:SOD-323</footprint>
      <libsource lib="device" part="D"/>
      <sheetpath names="/" tstamps="/"/>
      <tstamp>58E74232</tstamp>
    </comp>
    <comp ref="D9">
      <value>1N4148</value>
      <footprint>Diodes_SMD:SOD-323</footprint>
      <libsource lib="device" part="D"/>
      <sheetpath names="/" tstamps="/"/>
      <tstamp>58E743CB</tstamp>
    </comp>
    <comp ref="D7">
      <value>1N4148</value>
      <footprint>Diodes_SMD:SOD-323</footprint>
      <libsource lib="device" part="D"/>
      <sheetpath names="/" tstamps="/"/>
      <tstamp>58E7D901</tstamp>
    </comp>
    <comp ref="R30">
      <value>10K</value>
      <footprint>Resistors_SMD:R_0805</footprint>
      <libsource lib="device" part="R"/>
      <sheetpath names="/" tstamps="/"/>
      <tstamp>58E826C2</tstamp>
    </comp>
    <comp ref="D10">
      <value>1N4148</value>
      <footprint>Diodes_SMD:SOD-323</footprint>
      <libsource lib="device" part="D"/>
      <sheetpath names="/" tstamps="/"/>
      <tstamp>58E83114</tstamp>
    </comp>
    <comp ref="D11">
      <value>1N4148</value>
      <footprint>Diodes_SMD:SOD-323</footprint>
      <libsource lib="device" part="D"/>
      <sheetpath names="/" tstamps="/"/>
      <tstamp>58E83262</tstamp>
    </comp>
    <comp ref="Q1">
      <value>MMBT3904</value>
      <footprint>TO_SOT_Packages_SMD:SOT-23</footprint>
      <libsource lib="transistors" part="MMBT3904"/>
      <sheetpath names="/" tstamps="/"/>
      <tstamp>58E9A869</tstamp>
    </comp>
    <comp ref="R25">
      <value>10K</value>
      <footprint>Resistors_SMD:R_0805</footprint>
      <libsource lib="device" part="R"/>
      <sheetpath names="/" tstamps="/"/>
      <tstamp>58E9BA8E</tstamp>
    </comp>
    <comp ref="C21">
      <value>10n</value>
      <footprint>Capacitors_SMD:C_0805</footprint>
      <libsource lib="device" part="C"/>
      <sheetpath names="/" tstamps="/"/>
      <tstamp>58EA2498</tstamp>
    </comp>
    <comp ref="R26">
      <value>100K</value>
      <footprint>Resistors_SMD:R_0805</footprint>
      <libsource lib="device" part="R"/>
      <sheetpath names="/" tstamps="/"/>
      <tstamp>58EA2838</tstamp>
    </comp>
    <comp ref="C12">
      <value>470u</value>
      <footprint>Capacitors_ThroughHole:CP_Radial_D8.0mm_P3.50mm</footprint>
      <libsource lib="device" part="CP"/>
      <sheetpath names="/" tstamps="/"/>
      <tstamp>58ED6379</tstamp>
    </comp>
    <comp ref="C13">
      <value>470u</value>
      <footprint>Capacitors_ThroughHole:CP_Radial_D8.0mm_P3.50mm</footprint>
      <libsource lib="device" part="CP"/>
      <sheetpath names="/" tstamps="/"/>
      <tstamp>58ED64E4</tstamp>
    </comp>
    <comp ref="C15">
      <value>10u</value>
      <footprint>SMD_Packages:SMD-1206_Pol</footprint>
      <libsource lib="device" part="CP"/>
      <sheetpath names="/" tstamps="/"/>
      <tstamp>58ED686E</tstamp>
    </comp>
    <comp ref="C16">
      <value>10u</value>
      <footprint>SMD_Packages:SMD-1206_Pol</footprint>
      <libsource lib="device" part="CP"/>
      <sheetpath names="/" tstamps="/"/>
      <tstamp>58ED6BC6</tstamp>
    </comp>
    <comp ref="C17">
      <value>10u</value>
      <footprint>SMD_Packages:SMD-1206_Pol</footprint>
      <libsource lib="device" part="CP"/>
      <sheetpath names="/" tstamps="/"/>
      <tstamp>58ED6D01</tstamp>
    </comp>
    <comp ref="C18">
      <value>10u</value>
      <footprint>SMD_Packages:SMD-1206_Pol</footprint>
      <libsource lib="device" part="CP"/>
      <sheetpath names="/" tstamps="/"/>
      <tstamp>58ED6EF3</tstamp>
    </comp>
    <comp ref="C19">
      <value>100n</value>
      <footprint>Capacitors_SMD:C_0805</footprint>
      <libsource lib="device" part="C"/>
      <sheetpath names="/" tstamps="/"/>
      <tstamp>58ED7505</tstamp>
    </comp>
    <comp ref="C20">
      <value>100n</value>
      <footprint>Capacitors_SMD:C_0805</footprint>
      <libsource lib="device" part="C"/>
      <sheetpath names="/" tstamps="/"/>
      <tstamp>58ED7638</tstamp>
    </comp>
    <comp ref="C22">
      <value>100n</value>
      <footprint>Capacitors_SMD:C_0805</footprint>
      <libsource lib="device" part="C"/>
      <sheetpath names="/" tstamps="/"/>
      <tstamp>58ED7792</tstamp>
    </comp>
    <comp ref="P4">
      <value>CONN_01X03</value>
      <footprint>Pin_Headers:Pin_Header_Straight_1x03_Pitch2.54mm</footprint>
      <libsource lib="conn" part="CONN_01X03"/>
      <sheetpath names="/" tstamps="/"/>
      <tstamp>58ED7FC2</tstamp>
    </comp>
    <comp ref="P2">
      <value>CONN_01X02</value>
      <footprint>Pin_Headers:Pin_Header_Straight_1x02_Pitch2.54mm</footprint>
      <libsource lib="conn" part="CONN_01X02"/>
      <sheetpath names="/" tstamps="/"/>
      <tstamp>58F16AE1</tstamp>
    </comp>
    <comp ref="P1">
      <value>CONN_01X02</value>
      <footprint>Pin_Headers:Pin_Header_Straight_1x02_Pitch2.54mm</footprint>
      <libsource lib="conn" part="CONN_01X02"/>
      <sheetpath names="/" tstamps="/"/>
      <tstamp>58F1FDA9</tstamp>
    </comp>
    <comp ref="P5">
      <value>CONN_01X03</value>
      <footprint>Pin_Headers:Pin_Header_Straight_1x03_Pitch2.54mm</footprint>
      <libsource lib="conn" part="CONN_01X03"/>
      <sheetpath names="/" tstamps="/"/>
      <tstamp>58F2B6BD</tstamp>
    </comp>
    <comp ref="P6">
      <value>CONN_01X02</value>
      <footprint>Pin_Headers:Pin_Header_Straight_1x02_Pitch2.54mm</footprint>
      <libsource lib="conn" part="CONN_01X02"/>
      <sheetpath names="/" tstamps="/"/>
      <tstamp>58F34D37</tstamp>
    </comp>
    <comp ref="D12">
      <value>1N4148</value>
      <footprint>Diodes_SMD:SOD-323</footprint>
      <libsource lib="device" part="D"/>
      <sheetpath names="/" tstamps="/"/>
      <tstamp>5920D21A</tstamp>
    </comp>
  </components>
  <libparts>
    <libpart lib="cmos4000" part="4001">
      <description>Quad Nor 2 inputs</description>
      <fields>
        <field name="Reference">U</field>
        <field name="Value">4001</field>
      </fields>
      <pins>
        <pin num="1" name="~" type="input"/>
        <pin num="2" name="~" type="input"/>
        <pin num="3" name="~" type="output"/>
        <pin num="4" name="~" type="output"/>
        <pin num="5" name="~" type="input"/>
        <pin num="6" name="~" type="input"/>
        <pin num="7" name="VSS" type="power_in"/>
        <pin num="8" name="~" type="input"/>
        <pin num="9" name="~" type="input"/>
        <pin num="10" name="~" type="output"/>
        <pin num="11" name="~" type="output"/>
        <pin num="12" name="~" type="input"/>
        <pin num="13" name="~" type="input"/>
        <pin num="14" name="VDD" type="power_in"/>
      </pins>
    </libpart>
    <libpart lib="cmos4000" part="40106">
      <fields>
        <field name="Reference">U</field>
        <field name="Value">40106</field>
      </fields>
      <pins>
        <pin num="1" name="In" type="input"/>
        <pin num="2" name="Out" type="output"/>
        <pin num="3" name="In" type="input"/>
        <pin num="4" name="Out" type="output"/>
        <pin num="5" name="In" type="input"/>
        <pin num="6" name="Out" type="output"/>
        <pin num="7" name="VSS" type="power_in"/>
        <pin num="8" name="Out" type="output"/>
        <pin num="9" name="In" type="input"/>
        <pin num="10" name="Out" type="output"/>
        <pin num="11" name="In" type="input"/>
        <pin num="12" name="Out" type="output"/>
        <pin num="13" name="In" type="input"/>
        <pin num="14" name="VDD" type="power_in"/>
      </pins>
    </libpart>
    <libpart lib="cmos4000" part="4016">
      <aliases>
        <alias>4066</alias>
      </aliases>
      <description>Quad Analog Switches</description>
      <fields>
        <field name="Reference">U</field>
        <field name="Value">4016</field>
      </fields>
      <pins>
        <pin num="1" name="I/O" type="passive"/>
        <pin num="2" name="O/I" type="passive"/>
        <pin num="3" name="O/I" type="passive"/>
        <pin num="4" name="I/O" type="passive"/>
        <pin num="5" name="ON" type="input"/>
        <pin num="6" name="ON" type="input"/>
        <pin num="7" name="V-" type="power_in"/>
        <pin num="8" name="I/O" type="passive"/>
        <pin num="9" name="O/I" type="passive"/>
        <pin num="10" name="O/I" type="passive"/>
        <pin num="11" name="I/O" type="passive"/>
        <pin num="12" name="ON" type="input"/>
        <pin num="13" name="ON" type="input"/>
        <pin num="14" name="V+" type="power_in"/>
      </pins>
    </libpart>
    <libpart lib="device" part="C">
      <description>Unpolarized capacitor</description>
      <footprints>
        <fp>C?</fp>
        <fp>C_????_*</fp>
        <fp>C_????</fp>
        <fp>SMD*_c</fp>
        <fp>Capacitor*</fp>
      </footprints>
      <fields>
        <field name="Reference">C</field>
        <field name="Value">C</field>
      </fields>
      <pins>
        <pin num="1" name="~" type="passive"/>
        <pin num="2" name="~" type="passive"/>
      </pins>
    </libpart>
    <libpart lib="conn" part="CONN_01X02">
      <description>Connector, single row, 01x02</description>
      <footprints>
        <fp>Pin_Header_Straight_1X02</fp>
        <fp>Pin_Header_Angled_1X02</fp>
        <fp>Socket_Strip_Straight_1X02</fp>
        <fp>Socket_Strip_Angled_1X02</fp>
      </footprints>
      <fields>
        <field name="Reference">P</field>
        <field name="Value">CONN_01X02</field>
      </fields>
      <pins>
        <pin num="1" name="P1" type="passive"/>
        <pin num="2" name="P2" type="passive"/>
      </pins>
    </libpart>
    <libpart lib="conn" part="CONN_01X03">
      <description>Connector, single row, 01x03</description>
      <footprints>
        <fp>Pin_Header_Straight_1X03</fp>
        <fp>Pin_Header_Angled_1X03</fp>
        <fp>Socket_Strip_Straight_1X03</fp>
        <fp>Socket_Strip_Angled_1X03</fp>
      </footprints>
      <fields>
        <field name="Reference">P</field>
        <field name="Value">CONN_01X03</field>
      </fields>
      <pins>
        <pin num="1" name="P1" type="passive"/>
        <pin num="2" name="P2" type="passive"/>
        <pin num="3" name="P3" type="passive"/>
      </pins>
    </libpart>
    <libpart lib="device" part="CP">
      <description>Polarised capacitor</description>
      <footprints>
        <fp>CP*</fp>
        <fp>C_Axial*</fp>
        <fp>C_Radial*</fp>
        <fp>TantalC*</fp>
        <fp>C*elec</fp>
        <fp>c_elec*</fp>
        <fp>SMD*_Pol</fp>
      </footprints>
      <fields>
        <field name="Reference">C</field>
        <field name="Value">CP</field>
      </fields>
      <pins>
        <pin num="1" name="~" type="passive"/>
        <pin num="2" name="~" type="passive"/>
      </pins>
    </libpart>
    <libpart lib="device" part="CP1">
      <description>Polarised capacitor</description>
      <footprints>
        <fp>SMD*_Pol</fp>
        <fp>C_Axial*</fp>
        <fp>C_Radial*</fp>
        <fp>c_elec*</fp>
        <fp>C*elec</fp>
        <fp>TantalC*</fp>
        <fp>CP*</fp>
      </footprints>
      <fields>
        <field name="Reference">C</field>
        <field name="Value">CP1</field>
      </fields>
      <pins>
        <pin num="1" name="~" type="passive"/>
        <pin num="2" name="~" type="passive"/>
      </pins>
    </libpart>
    <libpart lib="device" part="D">
      <description>Diode</description>
      <footprints>
        <fp>Diode_*</fp>
        <fp>D-Pak_TO252AA</fp>
        <fp>*SingleDiode</fp>
        <fp>*_Diode_*</fp>
        <fp>*SingleDiode*</fp>
      </footprints>
      <fields>
        <field name="Reference">D</field>
        <field name="Value">D</field>
      </fields>
      <pins>
        <pin num="1" name="K" type="passive"/>
        <pin num="2" name="A" type="passive"/>
      </pins>
    </libpart>
    <libpart lib="led-pot" part="LED-POT">
      <description>Potentiometer with LED</description>
      <fields>
        <field name="Reference">RV</field>
        <field name="Value">LED-POT</field>
      </fields>
      <pins>
        <pin num="1" name="1" type="passive"/>
        <pin num="2" name="2" type="passive"/>
        <pin num="3" name="3" type="passive"/>
        <pin num="B" name="B" type="input"/>
        <pin num="E" name="E" type="input"/>
      </pins>
    </libpart>
    <libpart lib="linear" part="LM2902N">
      <aliases>
        <alias>LM324</alias>
        <alias>TLC274</alias>
        <alias>TL074</alias>
        <alias>LM324N</alias>
        <alias>LM324AN</alias>
        <alias>MCP6004</alias>
      </aliases>
      <description>Quad Op amp.</description>
      <docs>op_amps/lm324.pdf</docs>
      <footprints>
        <fp>SOIC*</fp>
        <fp>DIP*</fp>
        <fp>TSSOP*</fp>
        <fp>SSOP*</fp>
        <fp>MSOP*</fp>
      </footprints>
      <fields>
        <field name="Reference">U</field>
        <field name="Value">LM2902N</field>
      </fields>
      <pins>
        <pin num="1" name="~" type="output"/>
        <pin num="2" name="-" type="input"/>
        <pin num="3" name="+" type="input"/>
        <pin num="4" name="V+" type="power_in"/>
        <pin num="5" name="+" type="input"/>
        <pin num="6" name="-" type="input"/>
        <pin num="7" name="~" type="output"/>
        <pin num="8" name="~" type="output"/>
        <pin num="9" name="-" type="input"/>
        <pin num="10" name="+" type="input"/>
        <pin num="11" name="V-" type="power_in"/>
        <pin num="12" name="+" type="input"/>
        <pin num="13" name="-" type="input"/>
        <pin num="14" name="~" type="output"/>
      </pins>
    </libpart>
    <libpart lib="transistors" part="MMBT3904">
      <description>40V Vce, 0.2A Ic, NPN, Small Signal Transistor, SOT-23</description>
      <docs>http://www.nxp.com/documents/data_sheet/MMBT3904.pdf</docs>
      <footprints>
        <fp>SOT-23*</fp>
      </footprints>
      <fields>
        <field name="Reference">Q</field>
        <field name="Value">MMBT3904</field>
        <field name="Footprint">SOT-23</field>
      </fields>
      <pins>
        <pin num="1" name="B" type="input"/>
        <pin num="2" name="E" type="passive"/>
        <pin num="3" name="C" type="passive"/>
      </pins>
    </libpart>
    <libpart lib="device" part="POT">
      <description>Potentionmetre</description>
      <fields>
        <field name="Reference">RV</field>
        <field name="Value">POT</field>
      </fields>
      <pins>
        <pin num="1" name="1" type="passive"/>
        <pin num="2" name="2" type="passive"/>
        <pin num="3" name="3" type="passive"/>
      </pins>
    </libpart>
    <libpart lib="device" part="R">
      <description>Resistor</description>
      <footprints>
        <fp>R_*</fp>
        <fp>Resistor_*</fp>
      </footprints>
      <fields>
        <field name="Reference">R</field>
        <field name="Value">R</field>
      </fields>
      <pins>
        <pin num="1" name="~" type="passive"/>
        <pin num="2" name="~" type="passive"/>
      </pins>
    </libpart>
  </libparts>
  <libraries>
    <library logical="device">
      <uri>C:\Program Files\KiCad\share\kicad\library\device.lib</uri>
    </library>
    <library logical="transistors">
      <uri>C:\Program Files\KiCad\share\kicad\library\transistors.lib</uri>
    </library>
    <library logical="conn">
      <uri>C:\Program Files\KiCad\share\kicad\library\conn.lib</uri>
    </library>
    <library logical="linear">
      <uri>C:\Program Files\KiCad\share\kicad\library\linear.lib</uri>
    </library>
    <library logical="cmos4000">
      <uri>C:\Program Files\KiCad\share\kicad\library\cmos4000.lib</uri>
    </library>
    <library logical="led-pot">
      <uri>C:\Users\Mich\repos\modular-synth\modules\adsr-envelope-generator\kicad\led-pot.lib</uri>
    </library>
  </libraries>
  <nets>
    <net code="1" name="Net-(Q4-Pad2)">
      <node ref="Q4" pin="2"/>
      <node ref="R33" pin="2"/>
    </net>
    <net code="2" name="Net-(Q2-Pad1)">
      <node ref="R27" pin="2"/>
      <node ref="Q2" pin="1"/>
    </net>
    <net code="3" name="Net-(Q5-Pad1)">
      <node ref="R28" pin="2"/>
      <node ref="Q5" pin="1"/>
    </net>
    <net code="4" name="R-LED">
      <node ref="RV2" pin="B"/>
      <node ref="R34" pin="1"/>
    </net>
    <net code="5" name="Net-(Q5-Pad2)">
      <node ref="R34" pin="2"/>
      <node ref="Q5" pin="2"/>
    </net>
    <net code="6" name="D-LED">
      <node ref="RV3" pin="B"/>
      <node ref="R32" pin="1"/>
    </net>
    <net code="7" name="Net-(Q3-Pad2)">
      <node ref="Q3" pin="2"/>
      <node ref="R32" pin="2"/>
    </net>
    <net code="8" name="A-LED">
      <node ref="RV1" pin="B"/>
      <node ref="R31" pin="1"/>
    </net>
    <net code="9" name="Net-(Q2-Pad2)">
      <node ref="Q2" pin="2"/>
      <node ref="R31" pin="2"/>
    </net>
    <net code="10" name="SustainLevel">
      <node ref="RV5" pin="3"/>
      <node ref="U1" pin="10"/>
      <node ref="U2" pin="6"/>
      <node ref="U2" pin="7"/>
    </net>
    <net code="11" name="Net-(R23-Pad2)">
      <node ref="RV5" pin="1"/>
      <node ref="R23" pin="2"/>
    </net>
    <net code="12" name="Net-(R24-Pad2)">
      <node ref="R24" pin="2"/>
      <node ref="U5" pin="12"/>
      <node ref="RV5" pin="2"/>
    </net>
    <net code="13" name="Net-(D10-Pad1)">
      <node ref="U5" pin="14"/>
      <node ref="R24" pin="1"/>
      <node ref="D10" pin="1"/>
      <node ref="D7" pin="2"/>
    </net>
    <net code="14" name="Net-(D7-Pad1)">
      <node ref="U3" pin="13"/>
      <node ref="D7" pin="1"/>
    </net>
    <net code="15" name="Net-(D8-Pad1)">
      <node ref="D8" pin="1"/>
      <node ref="U3" pin="12"/>
    </net>
    <net code="16" name="Net-(D8-Pad2)">
      <node ref="D8" pin="2"/>
      <node ref="R29" pin="2"/>
      <node ref="D9" pin="2"/>
      <node ref="Q3" pin="1"/>
    </net>
    <net code="17" name="Net-(RV2-Pad1)">
      <node ref="RV2" pin="1"/>
      <node ref="U1" pin="3"/>
    </net>
    <net code="18" name="Net-(R1-Pad2)">
      <node ref="R1" pin="2"/>
      <node ref="U1" pin="1"/>
    </net>
    <net code="19" name="Net-(RV1-Pad1)">
      <node ref="U1" pin="2"/>
      <node ref="RV1" pin="1"/>
    </net>
    <net code="20" name="Net-(R14-Pad1)">
      <node ref="R14" pin="1"/>
      <node ref="RV3" pin="2"/>
      <node ref="RV1" pin="2"/>
      <node ref="RV2" pin="2"/>
    </net>
    <net code="21" name="Net-(C9-Pad2)">
      <node ref="P3" pin="2"/>
      <node ref="C9" pin="2"/>
    </net>
    <net code="22" name="Net-(U5-Pad13)">
      <node ref="U5" pin="13"/>
      <node ref="U5" pin="6"/>
      <node ref="U5" pin="7"/>
    </net>
    <net code="23" name="Net-(C10-Pad1)">
      <node ref="C10" pin="1"/>
      <node ref="P3" pin="1"/>
    </net>
    <net code="24" name="TrigOut">
      <node ref="R26" pin="1"/>
      <node ref="C21" pin="2"/>
      <node ref="P5" pin="2"/>
    </net>
    <net code="25" name="RetrigSW">
      <node ref="R25" pin="1"/>
      <node ref="C21" pin="1"/>
      <node ref="Q1" pin="2"/>
      <node ref="P6" pin="1"/>
    </net>
    <net code="26" name="TriggerInput">
      <node ref="R2" pin="2"/>
      <node ref="R6" pin="1"/>
      <node ref="D12" pin="1"/>
      <node ref="P6" pin="2"/>
    </net>
    <net code="27" name="Net-(U3-Pad10)">
      <node ref="U3" pin="10"/>
    </net>
    <net code="28" name="Net-(RV1-Pad3)">
      <node ref="RV1" pin="3"/>
    </net>
    <net code="29" name="Net-(RV2-Pad3)">
      <node ref="RV2" pin="3"/>
    </net>
    <net code="30" name="Net-(RV3-Pad3)">
      <node ref="RV3" pin="3"/>
    </net>
    <net code="31" name="AdsrLevel">
      <node ref="U2" pin="10"/>
      <node ref="U5" pin="5"/>
      <node ref="U5" pin="2"/>
      <node ref="U5" pin="1"/>
      <node ref="R20" pin="1"/>
      <node ref="P5" pin="1"/>
    </net>
    <net code="32" name="Net-(P2-Pad2)">
      <node ref="R5" pin="2"/>
      <node ref="P2" pin="2"/>
    </net>
    <net code="33" name="VCC">
      <node ref="Q3" pin="3"/>
      <node ref="R23" pin="1"/>
      <node ref="Q5" pin="3"/>
      <node ref="Q4" pin="3"/>
      <node ref="C15" pin="1"/>
      <node ref="Q2" pin="3"/>
      <node ref="R30" pin="1"/>
      <node ref="R29" pin="1"/>
      <node ref="R10" pin="2"/>
      <node ref="U4" pin="14"/>
      <node ref="Q1" pin="3"/>
      <node ref="U5" pin="4"/>
      <node ref="R21" pin="1"/>
      <node ref="U3" pin="14"/>
      <node ref="U2" pin="4"/>
      <node ref="P4" pin="3"/>
      <node ref="R9" pin="2"/>
      <node ref="C22" pin="1"/>
      <node ref="R1" pin="1"/>
      <node ref="R4" pin="1"/>
      <node ref="C17" pin="1"/>
      <node ref="C19" pin="1"/>
      <node ref="C20" pin="1"/>
      <node ref="C12" pin="1"/>
      <node ref="U1" pin="14"/>
    </net>
    <net code="34" name="Net-(D12-Pad2)">
      <node ref="P2" pin="1"/>
      <node ref="D12" pin="2"/>
    </net>
    <net code="35" name="Net-(P1-Pad1)">
      <node ref="R8" pin="2"/>
      <node ref="P1" pin="1"/>
    </net>
    <net code="36" name="GND">
      <node ref="RV4" pin="E"/>
      <node ref="RV4" pin="1"/>
      <node ref="R2" pin="1"/>
      <node ref="R3" pin="1"/>
      <node ref="R25" pin="2"/>
      <node ref="R19" pin="2"/>
      <node ref="P5" pin="3"/>
      <node ref="C15" pin="2"/>
      <node ref="C16" pin="1"/>
      <node ref="C19" pin="2"/>
      <node ref="R11" pin="2"/>
      <node ref="U3" pin="11"/>
      <node ref="C22" pin="2"/>
      <node ref="C13" pin="1"/>
      <node ref="U1" pin="8"/>
      <node ref="C20" pin="2"/>
      <node ref="R15" pin="2"/>
      <node ref="R16" pin="1"/>
      <node ref="U4" pin="7"/>
      <node ref="C18" pin="1"/>
      <node ref="C17" pin="2"/>
      <node ref="R17" pin="2"/>
      <node ref="P4" pin="2"/>
      <node ref="C14" pin="2"/>
      <node ref="C1" pin="2"/>
      <node ref="U1" pin="9"/>
      <node ref="R22" pin="2"/>
      <node ref="U1" pin="6"/>
      <node ref="C2" pin="2"/>
      <node ref="U1" pin="7"/>
      <node ref="C3" pin="2"/>
      <node ref="P3" pin="3"/>
      <node ref="C6" pin="2"/>
      <node ref="RV1" pin="E"/>
      <node ref="RV3" pin="E"/>
      <node ref="U1" pin="4"/>
      <node ref="RV2" pin="E"/>
      <node ref="C10" pin="2"/>
      <node ref="C12" pin="2"/>
      <node ref="U3" pin="7"/>
      <node ref="R26" pin="2"/>
      <node ref="R18" pin="2"/>
    </net>
    <net code="37" name="Net-(C5-Pad2)">
      <node ref="D2" pin="2"/>
      <node ref="C5" pin="2"/>
      <node ref="U2" pin="14"/>
      <node ref="R13" pin="2"/>
    </net>
    <net code="38" name="Net-(C5-Pad1)">
      <node ref="R13" pin="1"/>
      <node ref="C5" pin="1"/>
      <node ref="U2" pin="12"/>
      <node ref="R7" pin="2"/>
    </net>
    <net code="39" name="Net-(C4-Pad2)">
      <node ref="D1" pin="2"/>
      <node ref="C4" pin="2"/>
      <node ref="R12" pin="2"/>
      <node ref="U2" pin="1"/>
    </net>
    <net code="40" name="Net-(C4-Pad1)">
      <node ref="R6" pin="2"/>
      <node ref="U2" pin="3"/>
      <node ref="R12" pin="1"/>
      <node ref="C4" pin="1"/>
    </net>
    <net code="41" name="Net-(C3-Pad1)">
      <node ref="C3" pin="1"/>
      <node ref="U3" pin="3"/>
      <node ref="R8" pin="1"/>
      <node ref="R10" pin="1"/>
    </net>
    <net code="42" name="Net-(D3-Pad2)">
      <node ref="D3" pin="2"/>
      <node ref="U3" pin="2"/>
    </net>
    <net code="43" name="Net-(C1-Pad1)">
      <node ref="U2" pin="13"/>
      <node ref="R11" pin="1"/>
      <node ref="R4" pin="2"/>
      <node ref="C1" pin="1"/>
      <node ref="U2" pin="2"/>
    </net>
    <net code="44" name="Net-(RV3-Pad1)">
      <node ref="RV3" pin="1"/>
      <node ref="U1" pin="11"/>
    </net>
    <net code="45" name="Net-(D10-Pad2)">
      <node ref="Q1" pin="1"/>
      <node ref="Q4" pin="1"/>
      <node ref="D11" pin="2"/>
      <node ref="D10" pin="2"/>
      <node ref="R30" pin="2"/>
    </net>
    <net code="46" name="VEE">
      <node ref="C13" pin="2"/>
      <node ref="C16" pin="2"/>
      <node ref="C18" pin="2"/>
      <node ref="U5" pin="11"/>
      <node ref="U2" pin="11"/>
      <node ref="P4" pin="1"/>
    </net>
    <net code="47" name="Net-(C6-Pad1)">
      <node ref="R14" pin="2"/>
      <node ref="C6" pin="1"/>
      <node ref="U5" pin="3"/>
      <node ref="C9" pin="1"/>
    </net>
    <net code="48" name="Net-(P1-Pad2)">
      <node ref="R7" pin="1"/>
      <node ref="P1" pin="2"/>
      <node ref="R3" pin="2"/>
    </net>
    <net code="49" name="Net-(C2-Pad1)">
      <node ref="R9" pin="1"/>
      <node ref="R5" pin="1"/>
      <node ref="U3" pin="1"/>
      <node ref="C2" pin="1"/>
    </net>
    <net code="50" name="Net-(D4-Pad2)">
      <node ref="U3" pin="4"/>
      <node ref="D4" pin="2"/>
    </net>
    <net code="52" name="Net-(C11-Pad2)">
      <node ref="C11" pin="2"/>
      <node ref="R19" pin="1"/>
      <node ref="U4" pin="6"/>
      <node ref="D6" pin="1"/>
    </net>
    <net code="53" name="Net-(C14-Pad1)">
      <node ref="C14" pin="1"/>
      <node ref="U5" pin="10"/>
      <node ref="R21" pin="2"/>
      <node ref="R22" pin="1"/>
    </net>
    <net code="54" name="Net-(C11-Pad1)">
      <node ref="D5" pin="1"/>
      <node ref="R18" pin="1"/>
      <node ref="C11" pin="1"/>
    </net>
    <net code="55" name="Net-(RV4-Pad2)">
      <node ref="U2" pin="5"/>
      <node ref="RV4" pin="2"/>
    </net>
    <net code="56" name="S-LED">
      <node ref="R33" pin="1"/>
      <node ref="RV4" pin="B"/>
    </net>
    <net code="57" name="Net-(RV4-Pad3)">
      <node ref="RV4" pin="3"/>
      <node ref="U2" pin="9"/>
      <node ref="U5" pin="9"/>
      <node ref="U5" pin="8"/>
    </net>
    <net code="58" name="Net-(U3-Pad8)">
      <node ref="U3" pin="8"/>
      <node ref="U4" pin="9"/>
    </net>
    <net code="59" name="Net-(D6-Pad2)">
      <node ref="D6" pin="2"/>
      <node ref="R20" pin="2"/>
      <node ref="U2" pin="8"/>
    </net>
    <net code="60" name="Net-(U4-Pad3)">
      <node ref="U4" pin="3"/>
      <node ref="U4" pin="5"/>
    </net>
    <net code="61" name="Net-(C7-Pad2)">
      <node ref="U4" pin="1"/>
      <node ref="R17" pin="1"/>
      <node ref="C8" pin="2"/>
      <node ref="C7" pin="2"/>
    </net>
    <net code="62" name="Net-(C7-Pad1)">
      <node ref="R15" pin="1"/>
      <node ref="D3" pin="1"/>
      <node ref="D1" pin="1"/>
      <node ref="C7" pin="1"/>
    </net>
    <net code="63" name="Net-(D5-Pad2)">
      <node ref="U3" pin="6"/>
      <node ref="D5" pin="2"/>
      <node ref="U3" pin="9"/>
      <node ref="U4" pin="13"/>
    </net>
    <net code="64" name="Net-(C8-Pad1)">
      <node ref="R16" pin="2"/>
      <node ref="C8" pin="1"/>
      <node ref="D2" pin="1"/>
      <node ref="D4" pin="1"/>
      <node ref="U3" pin="5"/>
    </net>
    <net code="65" name="DecayState">
      <node ref="U1" pin="12"/>
      <node ref="D9" pin="1"/>
      <node ref="U4" pin="11"/>
      <node ref="D11" pin="1"/>
    </net>
    <net code="66" name="ReleaseState">
      <node ref="U4" pin="10"/>
      <node ref="R28" pin="1"/>
      <node ref="U1" pin="5"/>
    </net>
    <net code="67" name="AttackState">
      <node ref="R27" pin="1"/>
      <node ref="U4" pin="8"/>
      <node ref="U4" pin="4"/>
      <node ref="U4" pin="2"/>
      <node ref="U4" pin="12"/>
      <node ref="U1" pin="13"/>
    </net>
  </nets>
</export>
